City_ID,City,Country,Date,Lat,Lng,Max Temp,Humidity,Cloudiness,Wind Speed
0,Loei,TH,2022-06-05 17:08:10,17.4167,101.5,66.56,91,100,4.05
1,Saskylakh,RU,2022-06-05 17:08:10,71.9167,114.0833,33.82,77,31,13.4
2,Narasannapeta,IN,2022-06-05 17:08:11,18.4167,84.05,83.05,90,73,12.17
3,Cape Town,ZA,2022-06-05 17:08:11,-33.9258,18.4232,65.26,62,19,3.0
4,Vardo,NO,2022-06-05 17:03:12,70.3705,31.1107,44.58,87,75,16.11
5,Patacamaya,BO,2022-06-05 17:08:11,-17.2333,-67.9167,51.69,53,98,8.28
6,San Ramon,US,2022-06-05 17:08:12,37.7799,-121.978,71.71,81,100,9.22
7,Busselton,AU,2022-06-05 17:08:12,-33.65,115.3333,55.56,72,100,8.37
8,Ushuaia,AR,2022-06-05 17:04:02,-54.8,-68.3,42.46,65,75,9.22
9,Sao Filipe,CV,2022-06-05 17:08:12,14.8961,-24.4956,76.59,69,3,8.32
10,Fortuna,US,2022-06-05 17:08:13,40.5982,-124.1573,65.32,92,40,8.05
11,Hermanus,ZA,2022-06-05 17:08:13,-34.4187,19.2345,59.81,64,26,8.61
12,Zhob,PK,2022-06-05 17:08:14,31.3411,69.4481,82.99,10,47,10.74
13,Jamestown,US,2022-06-05 17:03:58,42.097,-79.2353,73.02,29,0,8.05
14,High Level,CA,2022-06-05 17:06:46,58.5169,-117.136,59.85,61,100,9.19
15,Thanh Hoa,VN,2022-06-05 17:08:15,19.8,105.7667,81.97,73,100,4.21
16,Kaitangata,NZ,2022-06-05 17:08:15,-46.2817,169.8464,43.18,90,44,4.97
17,Mahebourg,MU,2022-06-05 17:08:15,-20.4081,57.7,74.25,69,68,18.3
18,Mataura,NZ,2022-06-05 17:08:16,-46.1927,168.8643,40.48,96,22,3.44
19,Hithadhoo,MV,2022-06-05 17:08:16,-0.6,73.0833,83.7,68,71,4.76
20,Guerrero Negro,MX,2022-06-05 17:08:16,27.9769,-114.0611,66.9,67,66,17.29
21,Vanimo,PG,2022-06-05 17:08:17,-2.6741,141.3028,76.37,90,20,4.29
22,Ostrovnoy,RU,2022-06-05 17:08:17,68.0531,39.5131,57.18,75,49,8.59
23,Nizwa,OM,2022-06-05 17:08:17,22.9333,57.5333,93.16,10,0,7.49
24,Bethel,US,2022-06-05 17:03:28,41.3712,-73.414,74.98,36,0,8.05
25,Pevek,RU,2022-06-05 17:08:18,69.7008,170.3133,30.04,89,99,6.08
26,Cordoba,AR,2022-06-05 17:08:18,-31.4135,-64.1811,67.05,39,0,4.61
27,Albany,US,2022-06-05 17:03:28,42.6001,-73.9662,73.29,35,81,9.64
28,Bandarbeyla,SO,2022-06-05 17:08:19,9.4942,50.8122,79.5,81,88,24.94
29,Port Alfred,ZA,2022-06-05 17:08:19,-33.5906,26.891,61.72,72,12,12.06
30,Fairbanks,US,2022-06-05 17:05:00,64.8378,-147.7164,63.23,31,0,12.66
31,Boguchany,RU,2022-06-05 17:08:20,58.3814,97.4531,43.61,61,52,4.94
32,Goure,NE,2022-06-05 17:08:20,13.9835,10.2704,96.15,25,100,11.92
33,Bluff,NZ,2022-06-05 17:08:20,-46.6,168.3333,40.8,87,22,8.12
34,Saint-Maximin-La-Sainte-Baume,FR,2022-06-05 17:08:21,43.4521,5.8622,87.24,42,0,12.3
35,Kodiak,US,2022-06-05 17:08:21,57.79,-152.4072,60.31,59,0,5.75
36,Atuona,PF,2022-06-05 17:08:21,-9.8,-139.0333,78.04,73,40,17.63
37,Talnakh,RU,2022-06-05 17:08:22,69.4865,88.3972,31.21,80,6,9.44
38,San Cristobal,VE,2022-06-05 17:08:22,7.7669,-72.225,73.99,66,84,5.75
39,Madera,US,2022-06-05 17:08:22,37.1666,-119.8343,79.23,36,54,6.26
40,Rikitea,PF,2022-06-05 17:08:23,-23.1203,-134.9692,74.48,74,0,16.49
41,Airai,TL,2022-06-05 17:08:23,-8.9266,125.4092,58.51,93,51,2.48
42,Tasiilaq,GL,2022-06-05 17:08:23,65.6145,-37.6368,46.56,52,36,5.91
43,Dunedin,NZ,2022-06-05 17:08:24,-45.8742,170.5036,51.8,65,41,1.99
44,Longyearbyen,SJ,2022-06-05 17:08:24,78.2186,15.6401,44.44,81,75,3.44
45,Parana,AR,2022-06-05 17:09:24,-31.732,-60.5238,64.56,72,93,4.97
46,Pokrovsk,UA,2022-06-05 17:09:25,48.282,37.1758,64.08,80,78,11.03
47,Patea,NZ,2022-06-05 17:09:25,-39.7583,174.4833,55.87,76,100,11.79
48,Rorvik,NO,2022-06-05 17:09:25,64.8621,11.2373,48.31,57,40,11.5
49,Vaini,TO,2022-06-05 17:09:25,-21.2,-175.2,69.96,94,75,2.3
50,Alofi,NU,2022-06-05 17:09:26,-19.0595,-169.9187,78.91,78,37,7.65
51,Mezen,RU,2022-06-05 17:09:26,65.8522,44.24,63.12,63,57,7.34
52,Klaksvik,FO,2022-06-05 17:09:26,62.2266,-6.589,50.92,86,96,12.33
53,Abu Dhabi,AE,2022-06-05 17:05:52,24.4667,54.3667,89.71,63,0,5.75
54,Torbay,CA,2022-06-05 17:09:27,47.6666,-52.7314,51.89,74,95,15.23
55,Okhotsk,RU,2022-06-05 17:09:27,59.3833,143.3,44.8,86,31,11.5
56,Luang Prabang,LA,2022-06-05 17:09:27,19.8856,102.1347,74.89,93,97,2.35
57,Cururupu,BR,2022-06-05 17:09:28,-1.8283,-44.8683,82.87,77,82,5.41
58,Riyadh,SA,2022-06-05 17:09:28,24.6877,46.7219,100.54,6,0,7.2
59,Porto Santo,PT,2022-06-05 17:09:28,33.072,-16.3415,70.18,64,40,12.66
60,Raudeberg,NO,2022-06-05 17:09:29,61.9875,5.1352,52.47,71,42,18.88
61,Punta Arenas,CL,2022-06-05 17:09:29,-53.15,-70.9167,46.51,46,0,13.8
62,Vestmannaeyjar,IS,2022-06-05 17:09:29,63.4427,-20.2734,49.19,93,100,23.02
63,Christchurch,NZ,2022-06-05 17:05:32,-43.5333,172.6333,55.9,84,100,5.75
64,Namatanai,PG,2022-06-05 17:09:30,-3.6667,152.4333,77.88,82,13,3.4
65,Araouane,ML,2022-06-05 17:09:30,18.9048,-3.5265,109.47,8,17,5.03
66,Yarensk,RU,2022-06-05 17:09:30,62.1675,49.0916,56.37,84,100,3.18
67,Harper,LR,2022-06-05 17:09:30,4.375,-7.7169,81.19,77,92,8.99
68,Victoria,HK,2022-06-05 17:09:31,22.2855,114.1577,85.32,81,100,10.0
69,Yenagoa,NG,2022-06-05 17:09:31,4.9247,6.2642,74.35,95,100,2.66
70,Terrace,CA,2022-06-05 17:07:35,54.5163,-128.6035,58.24,84,100,3.15
71,Hamilton,US,2022-06-05 17:09:31,39.1834,-84.5333,82.99,42,0,9.22
72,Sao Raimundo Das Mangabeiras,BR,2022-06-05 17:09:32,-7.0219,-45.4811,91.6,33,73,11.01
73,Hagere Hiywet,ET,2022-06-05 17:09:32,8.9833,37.85,59.31,89,100,3.98
74,Serrana,BR,2022-06-05 17:09:32,-21.2114,-47.5956,84.15,31,21,2.01
75,Puerto Ayora,EC,2022-06-05 17:09:32,-0.7393,-90.3518,76.96,90,93,7.0
76,Sao Jose Da Coroa Grande,BR,2022-06-05 17:09:33,-8.8978,-35.1478,80.83,70,51,12.39
77,Jalu,LY,2022-06-05 17:09:33,29.0331,21.5482,92.23,20,0,19.53
78,Butaritari,KI,2022-06-05 17:09:33,3.0707,172.7902,81.43,74,18,12.71
79,Shingu,JP,2022-06-05 17:09:34,33.7333,135.9833,63.99,95,100,13.78
80,Kavieng,PG,2022-06-05 17:09:34,-2.5744,150.7967,80.85,73,7,5.21
81,Ndele,CF,2022-06-05 17:09:34,8.4109,20.6473,72.93,89,79,3.89
82,Barrow,US,2022-06-05 17:09:35,71.2906,-156.7887,26.62,80,100,25.32
83,Barabai,ID,2022-06-05 17:09:35,-2.5833,115.3833,73.09,98,88,1.48
84,Saint-Philippe,RE,2022-06-05 17:09:35,-21.3585,55.7679,71.19,77,48,14.61
85,Matagami,CA,2022-06-05 17:09:35,49.7502,-77.6328,57.31,72,100,10.36
86,Upernavik,GL,2022-06-05 17:09:36,72.7868,-56.1549,29.57,57,0,8.19
87,Ribeira Grande,PT,2022-06-05 17:09:36,38.5167,-28.7,66.6,94,75,4.61
88,Nikolskoye,RU,2022-06-05 17:09:36,59.7035,30.7861,64.29,60,94,6.31
89,Tura,IN,2022-06-05 17:09:37,25.5198,90.2201,74.14,96,68,4.9
90,Pingzhuang,CN,2022-06-05 17:05:22,42.0372,119.2889,54.54,80,95,17.22
91,Goderich,CA,2022-06-05 17:09:37,43.7501,-81.7165,63.91,70,96,8.1
92,Khatanga,RU,2022-06-05 17:09:37,71.9667,102.5,25.47,89,91,3.87
93,Jati,PK,2022-06-05 17:10:38,24.3539,68.2671,83.39,75,0,17.43
94,Graham,US,2022-06-05 17:10:38,47.0529,-122.2943,58.62,91,75,1.01
95,Hurghada,EG,2022-06-05 17:10:38,27.2574,33.8129,88.3,34,100,9.46
96,Khuzhir,RU,2022-06-05 17:10:38,53.1939,107.3397,46.24,89,9,7.34
97,Castro,BR,2022-06-05 17:10:39,-24.7911,-50.0119,62.24,77,90,4.76
98,Vao,NC,2022-06-05 17:10:39,-22.6667,167.4833,72.99,69,91,6.33
99,Gazojak,TM,2022-06-05 17:10:39,41.1875,61.4036,85.03,10,20,9.98
100,Huizhou,CN,2022-06-05 17:10:40,23.0833,114.4,78.67,91,100,1.83
101,Muswellbrook,AU,2022-06-05 17:10:40,-32.2667,150.9,54.32,74,1,14.03
102,Gilbues,BR,2022-06-05 17:10:40,-9.8317,-45.3439,92.28,25,2,11.18
103,Carnarvon,AU,2022-06-05 17:10:41,-24.8667,113.6333,68.0,44,9,8.55
104,Jiuquan,CN,2022-06-05 17:10:41,39.7432,98.5174,73.13,16,95,14.58
105,Kryvyy Rih,UA,2022-06-05 17:10:41,47.9167,33.35,64.09,75,82,9.35
106,Northam,GB,2022-06-05 17:10:41,51.0333,-4.2167,56.66,94,100,2.26
107,Komsomolskiy,UZ,2022-06-05 17:10:42,40.4272,71.7189,77.02,32,1,8.12
108,Port Blair,IN,2022-06-05 17:10:42,11.6667,92.75,81.52,78,100,13.04
109,Tiksi,RU,2022-06-05 17:10:42,71.6872,128.8694,39.43,95,81,4.97
110,Tuktoyaktuk,CA,2022-06-05 17:10:43,69.4541,-133.0374,30.65,70,100,5.14
111,Geraldton,AU,2022-06-05 17:10:43,-28.7667,114.6,52.21,66,30,6.91
112,Zenzeli,RU,2022-06-05 17:10:43,45.9241,47.0474,80.11,28,100,11.21
113,Mar Del Plata,AR,2022-06-05 17:10:43,-38.0023,-57.5575,56.95,73,0,3.0
114,Paramonga,PE,2022-06-05 17:10:44,-10.6667,-77.8333,68.61,76,99,13.87
115,Dikson,RU,2022-06-05 17:10:44,73.5069,80.5464,26.67,89,47,4.05
116,Port-Cartier,CA,2022-06-05 17:10:44,50.0334,-66.8654,55.74,60,77,11.79
117,Marovoay,MG,2022-06-05 17:10:45,-16.1,46.6333,74.08,64,90,5.06
118,Taltal,CL,2022-06-05 17:10:45,-25.4,-70.4833,63.34,72,34,2.44
119,Georgetown,MY,2022-06-05 17:10:45,5.4112,100.3354,80.53,83,20,0.0
120,Hobart,AU,2022-06-05 17:10:46,-42.8794,147.3294,49.26,68,67,16.11
121,Cidreira,BR,2022-06-05 17:10:46,-30.1811,-50.2056,65.1,78,99,4.74
122,Nanortalik,GL,2022-06-05 17:10:46,60.1432,-45.2371,45.36,66,96,4.27
123,Baracoa,CU,2022-06-05 17:09:26,20.3467,-74.4958,90.39,55,99,7.36
124,Biritiba-Mirim,BR,2022-06-05 17:10:46,-23.5698,-46.0407,71.38,57,50,2.19
125,Tessalit,ML,2022-06-05 17:10:48,20.1986,1.0114,106.9,5,6,12.66
126,Chuy,UY,2022-06-05 17:10:48,-33.6971,-53.4616,64.99,73,93,3.24
127,Zhenlai,CN,2022-06-05 17:10:48,45.8495,123.2973,51.01,85,100,20.62
128,Hay River,CA,2022-06-05 17:10:49,60.8156,-115.7999,65.75,38,99,9.64
129,Preston,GB,2022-06-05 17:10:49,53.7667,-2.7167,56.32,93,100,6.85
130,Opuwo,NA,2022-06-05 17:10:49,-18.0607,13.84,65.75,29,80,9.22
131,Medvezhyegorsk,RU,2022-06-05 17:10:50,62.9167,34.4667,59.72,62,72,5.48
132,Pangnirtung,CA,2022-06-05 17:10:50,66.1451,-65.7125,39.29,92,20,1.48
133,Warman,CA,2022-06-05 17:06:27,52.3168,-106.5679,62.1,44,77,16.08
134,Lebu,CL,2022-06-05 17:10:50,-37.6167,-73.65,53.58,94,100,18.23
135,Grindavik,IS,2022-06-05 17:10:51,63.8424,-22.4338,48.67,100,100,9.22
136,Kirakira,SB,2022-06-05 17:10:51,-10.4544,161.9205,78.85,86,36,10.42
137,Glendive,US,2022-06-05 17:10:51,47.1053,-104.7125,59.49,92,100,12.66
138,Talara,PE,2022-06-05 17:10:52,-4.5772,-81.2719,77.76,61,0,16.11
139,Acapulco,MX,2022-06-05 17:10:52,16.8634,-99.8901,85.82,70,20,8.05
140,Kalianget,ID,2022-06-05 17:11:52,-7.05,113.9333,81.91,78,97,9.6
141,Olafsvik,IS,2022-06-05 17:11:53,64.8945,-23.7142,42.91,71,100,16.37
142,Oktyabrskoye,RU,2022-06-05 17:11:53,43.0645,44.7417,69.94,83,94,4.47
143,Karlshamn,SE,2022-06-05 17:11:53,56.1706,14.8619,66.69,61,43,6.64
144,Itacarambi,BR,2022-06-05 17:11:53,-15.1022,-44.0919,85.77,34,28,6.17
145,Arraial Do Cabo,BR,2022-06-05 17:11:54,-22.9661,-42.0278,73.26,49,40,10.36
146,Marsh Harbour,BS,2022-06-05 17:11:54,26.5412,-77.0636,79.57,70,24,13.29
147,Lakes Entrance,AU,2022-06-05 17:11:54,-37.8811,147.981,44.17,89,100,4.38
148,Darovskoy,RU,2022-06-05 17:11:55,58.77,47.9564,55.74,88,68,3.27
149,Cabo San Lucas,MX,2022-06-05 17:11:55,22.8909,-109.9124,88.9,72,0,3.44
150,Lujan,AR,2022-06-05 17:11:55,-34.5703,-59.105,60.03,75,100,3.0
151,Abha,SA,2022-06-05 17:11:56,18.2164,42.5053,71.85,53,0,6.91
152,Walvis Bay,NA,2022-06-05 17:11:56,-22.9575,14.5053,72.09,34,100,14.43
153,Puri,IN,2022-06-05 17:11:56,19.8,85.85,84.72,89,82,13.15
154,Leningradskiy,RU,2022-06-05 17:11:56,69.3833,178.4167,31.51,82,76,5.79
155,Gravdal,NO,2022-06-05 17:11:57,68.1214,13.5031,42.69,75,75,13.8
156,Sioux Lookout,CA,2022-06-05 17:11:57,50.1001,-91.917,60.01,47,79,3.8
157,Leh,IN,2022-06-05 17:11:57,34.1667,77.5833,53.46,32,12,7.18
158,Bambous Virieux,MU,2022-06-05 17:11:58,-20.3428,57.7575,74.21,69,63,18.41
159,Severo-Kurilsk,RU,2022-06-05 17:11:58,50.6789,156.125,42.48,86,80,7.05
160,Paamiut,GL,2022-06-05 17:11:58,61.994,-49.6678,41.7,69,6,5.55
161,Nhulunbuy,AU,2022-06-05 17:11:59,-12.2333,136.7667,77.61,88,100,3.44
162,Kavaratti,IN,2022-06-05 17:11:59,10.5669,72.642,83.62,75,87,16.17
163,Saldanha,ZA,2022-06-05 17:11:59,-33.0117,17.9442,63.19,59,6,5.97
164,Kindu,CD,2022-06-05 17:12:00,-2.95,25.95,75.67,72,76,2.64
165,Yellowknife,CA,2022-06-05 17:07:02,62.456,-114.3525,61.83,41,100,14.94
166,Waingapu,ID,2022-06-05 17:12:00,-9.6567,120.2641,77.49,83,96,4.65
167,Tomatlan,MX,2022-06-05 17:12:00,19.9333,-105.25,88.3,49,25,6.73
168,North Las Vegas,US,2022-06-05 17:08:51,36.1989,-115.1175,89.2,21,0,3.0
169,Lompoc,US,2022-06-05 17:12:01,34.6391,-120.4579,75.69,71,20,14.0
170,Kalmunai,LK,2022-06-05 17:12:01,7.4167,81.8167,79.61,79,99,11.25
171,Port Keats,AU,2022-06-05 17:11:10,-14.25,129.55,78.48,80,53,0.78
172,Broome,US,2022-06-05 17:12:01,42.2506,-75.833,72.7,41,0,8.05
173,Port Elizabeth,ZA,2022-06-05 17:12:02,-33.918,25.5701,59.31,87,4,1.99
174,Bredasdorp,ZA,2022-06-05 17:12:02,-34.5322,20.0403,56.41,92,44,6.33
175,Cockburn Town,TC,2022-06-05 17:10:30,21.4612,-71.1419,80.76,83,100,12.53
176,Ponta Do Sol,PT,2022-06-05 17:12:02,32.6667,-17.1,75.0,75,95,1.3
177,Homer,US,2022-06-05 17:12:03,59.6425,-151.5483,68.04,55,0,0.0
178,Bagotville,AU,2022-06-05 17:12:03,-28.9833,153.4167,57.85,89,82,5.23
179,Katsuura,JP,2022-06-05 17:12:03,35.1333,140.3,68.31,79,100,9.71
180,Salta,AR,2022-06-05 17:11:32,-24.7859,-65.4117,71.35,36,70,4.61
181,Bowmore,US,2022-06-05 17:12:03,34.9421,-79.3031,87.64,22,0,13.8
182,Avarua,CK,2022-06-05 17:12:04,-21.2078,-159.775,73.45,100,17,3.44
183,Los Llanos De Aridane,ES,2022-06-05 17:12:04,28.6585,-17.9182,69.55,76,75,16.11
184,Cabedelo,BR,2022-06-05 17:12:04,-6.9811,-34.8339,83.07,70,54,16.33
185,Amahai,ID,2022-06-05 17:12:05,-3.3333,128.9167,78.37,81,98,2.26
186,Kahului,US,2022-06-05 17:08:42,20.8947,-156.47,75.22,78,40,10.36
187,Abu Samrah,SY,2022-06-05 17:12:05,35.3029,37.1841,80.33,26,0,12.12
188,Kapaa,US,2022-06-05 17:13:05,22.0752,-159.319,72.12,96,100,10.36
189,Vostok,RU,2022-06-05 17:13:06,46.4856,135.8833,39.6,80,95,3.65
190,Yulara,AU,2022-06-05 17:13:06,-25.2406,130.9889,50.65,60,61,8.79
191,Maniitsoq,GL,2022-06-05 17:13:06,65.4167,-52.9,46.47,60,0,7.56
192,Mount Gambier,AU,2022-06-05 17:13:07,-37.8333,140.7667,48.45,67,83,12.46
193,Koscierzyna,PL,2022-06-05 17:13:07,54.1223,17.9812,64.85,59,0,10.18
194,Hasaki,JP,2022-06-05 17:13:07,35.7333,140.8333,63.0,86,100,3.56
195,Cayenne,GF,2022-06-05 17:13:08,4.9333,-52.3333,82.44,1,88,11.5
196,Qaanaaq,GL,2022-06-05 17:13:08,77.484,-69.3632,31.32,66,1,3.06
197,Nuuk,GL,2022-06-05 17:13:08,64.1835,-51.7216,57.81,33,0,9.22
198,East London,ZA,2022-06-05 17:13:09,-33.0153,27.9116,63.73,64,23,7.76
199,Vila Franca Do Campo,PT,2022-06-05 17:13:09,37.7167,-25.4333,66.61,75,100,9.13
200,Lata,PT,2022-06-05 17:13:09,40.1629,-8.3327,71.49,45,43,11.01
201,Wajir,KE,2022-06-05 17:13:09,1.7471,40.0573,84.76,46,89,19.42
202,Palmer,US,2022-06-05 17:13:10,42.1584,-72.3287,75.85,35,98,5.01
203,Nizhniy Kuranakh,RU,2022-06-05 17:13:10,58.8353,125.4869,56.23,71,64,2.71
204,Prince Rupert,CA,2022-06-05 17:12:41,54.3161,-130.3201,53.69,87,75,3.44
205,Teya,RU,2022-06-05 17:13:10,60.3778,92.6267,39.85,86,95,1.68
206,Meulaboh,ID,2022-06-05 17:13:11,4.1363,96.1285,78.44,87,100,3.4
207,Srednekolymsk,RU,2022-06-05 17:13:11,67.45,153.6833,42.58,53,93,11.77
208,Itarema,BR,2022-06-05 17:13:11,-2.9248,-39.9167,81.16,79,36,10.76
209,Kamenka,RU,2022-06-05 17:13:12,51.3223,42.7678,62.85,77,100,8.57
210,Vila Velha,BR,2022-06-05 17:10:52,-20.3297,-40.2925,75.15,62,20,13.8
211,Kudahuvadhoo,MV,2022-06-05 17:13:12,2.6708,72.8944,83.23,74,81,11.32
212,Ixtapa,MX,2022-06-05 17:13:12,20.7,-105.2,79.83,74,20,5.75
213,Bol,TD,2022-06-05 17:13:13,13.4586,14.7147,81.99,64,67,6.85
214,Tekeli,KZ,2022-06-05 17:13:13,44.83,78.8239,53.6,64,27,9.08
215,Sur,OM,2022-06-05 17:13:13,22.5667,59.5289,88.16,60,1,8.7
216,Hoganas,SE,2022-06-05 17:13:14,56.1997,12.558,70.2,55,27,5.79
217,Faanui,PF,2022-06-05 17:13:14,-16.4833,-151.75,79.41,75,48,12.5
218,Husavik,IS,2022-06-05 17:13:14,66.0449,-17.3389,48.25,52,81,8.93
219,Strelka,RU,2022-06-05 17:13:15,58.0728,93.0344,44.02,68,94,4.05
220,Ahuimanu,US,2022-06-05 17:13:15,21.4447,-157.8378,77.36,74,20,5.75
221,Hilo,US,2022-06-05 17:13:15,19.7297,-155.09,77.29,97,100,8.05
222,Richards Bay,ZA,2022-06-05 17:13:15,-28.783,32.0377,66.09,80,86,8.7
223,Alyangula,AU,2022-06-05 17:13:16,-13.8483,136.4192,76.08,85,100,5.99
224,Santiago Del Estero,AR,2022-06-05 17:13:16,-27.7951,-64.2615,65.82,53,94,7.11
225,Gat,IL,2022-06-05 17:13:16,31.61,34.7642,82.4,100,0,9.86
226,Ilulissat,GL,2022-06-05 17:13:17,69.2167,-51.1,41.02,48,20,18.41
227,Huilong,CN,2022-06-05 17:13:17,31.8111,121.655,69.93,89,88,9.08
228,Emerald,AU,2022-06-05 17:11:11,-23.5333,148.1667,68.14,100,75,6.91
229,Korla,CN,2022-06-05 17:13:17,41.7597,86.1469,77.81,14,0,8.81
230,Te Anau,NZ,2022-06-05 17:13:18,-45.4167,167.7167,44.64,92,49,2.3
231,Pajic Polje,BA,2022-06-05 17:13:18,43.9758,17.5275,77.56,67,71,4.52
232,Mendoza,AR,2022-06-05 17:09:17,-32.8908,-68.8272,59.41,36,11,4.34
233,Samarai,PG,2022-06-05 17:13:18,-10.6167,150.6667,82.17,81,97,13.11
234,Karratha,AU,2022-06-05 17:13:19,-20.7377,116.8463,71.55,50,29,9.31
235,Natchitoches,US,2022-06-05 17:09:40,31.7668,-93.1335,88.65,58,0,5.75
236,Vila Do Maio,CV,2022-06-05 17:13:19,15.1333,-23.2167,83.19,82,19,16.6
237,Coahuayana,MX,2022-06-05 17:14:19,18.7333,-103.6833,84.07,65,78,3.98
238,Morehead,US,2022-06-05 17:14:20,37.2711,-87.1764,82.85,35,0,5.01
239,Aktyubinskiy,RU,2022-06-05 17:14:20,54.8137,52.8056,56.8,73,100,3.0
240,Bengkulu,ID,2022-06-05 17:14:21,-3.8004,102.2655,76.82,87,100,4.83
241,Twin Falls,US,2022-06-05 17:12:02,42.3505,-114.6445,59.34,77,100,11.5
242,Kungurtug,RU,2022-06-05 17:14:21,50.5994,97.5228,47.66,86,93,0.96
243,Souillac,MU,2022-06-05 17:14:21,-20.5167,57.5167,73.63,69,46,14.56
244,Tulare,US,2022-06-05 17:09:32,36.2666,-118.8009,72.95,34,100,3.0
245,Rawson,AR,2022-06-05 17:14:22,-43.3002,-65.1023,56.05,38,1,17.0
246,Akureyri,IS,2022-06-05 17:14:22,65.6835,-18.0878,56.37,41,100,12.84
247,Davidson,US,2022-06-05 17:14:23,36.1501,-86.7833,83.16,46,40,8.01
248,Hattiesburg,US,2022-06-05 17:14:07,31.3271,-89.2903,89.65,51,0,3.44
249,Roebourne,AU,2022-06-05 17:14:23,-20.7833,117.1333,71.46,50,7,10.67
250,Tamiahua,MX,2022-06-05 17:14:23,21.2667,-97.45,89.11,52,40,10.31
251,Madang,PG,2022-06-05 17:14:24,-5.2246,145.7966,75.61,91,36,3.4
252,Sayyan,YE,2022-06-05 17:14:24,15.1718,44.3244,69.06,29,75,5.21
253,Santa Maria,BR,2022-06-05 17:14:24,-29.6842,-53.8069,64.49,95,100,3.02
254,Alugan,PH,2022-06-05 17:14:25,12.2188,125.4808,77.29,90,36,3.94
255,Tabou,CI,2022-06-05 17:14:25,4.423,-7.3528,81.1,77,96,9.04
256,Cherskiy,RU,2022-06-05 17:14:25,68.75,161.3,33.48,73,7,9.91
257,Chokurdakh,RU,2022-06-05 17:14:26,70.6333,147.9167,45.32,51,85,9.01
258,Elliot Lake,CA,2022-06-05 17:14:26,46.3834,-82.6331,67.24,38,0,6.58
259,Auki,SB,2022-06-05 17:14:26,-8.7676,160.7034,77.45,86,99,4.14
260,Bowen,AU,2022-06-05 17:14:27,-20.0167,148.2333,73.9,75,83,4.16
261,Vagur,FO,2022-06-05 17:14:27,61.4732,-6.8119,50.0,90,98,13.49
262,Worland,US,2022-06-05 17:14:27,44.0169,-107.9554,73.6,44,40,1.01
263,Esterhazy,CA,2022-06-05 17:14:27,50.65,-102.0843,53.08,62,31,14.16
264,Pimenta Bueno,BR,2022-06-05 17:14:28,-11.6725,-61.1936,91.89,38,4,2.33
265,Bilibino,RU,2022-06-05 17:14:28,68.0546,166.4372,33.71,66,87,5.03
266,Tuatapere,NZ,2022-06-05 17:14:28,-46.1333,167.6833,45.68,92,26,5.37
267,Santa Isabel Do Rio Negro,BR,2022-06-05 17:11:19,-0.4139,-65.0192,77.83,79,99,2.21
268,Mae Ramat,TH,2022-06-05 17:14:29,16.984,98.5166,73.89,97,93,2.01
269,Codrington,AU,2022-06-05 17:14:29,-38.2667,141.9667,49.73,75,97,23.15
270,Tombouctou,ML,2022-06-05 17:14:30,20.0,-3.0,110.3,7,19,7.02
271,Benjamin Aceval,PY,2022-06-05 17:14:30,-24.9667,-57.5667,82.54,55,68,9.42
272,Neryungri,RU,2022-06-05 17:14:30,56.6709,124.6491,52.27,74,44,2.01
273,Srandakan,ID,2022-06-05 17:14:31,-7.9386,110.2506,77.86,88,100,3.94
274,Krasnomayskiy,RU,2022-06-05 17:14:31,57.6194,34.4099,56.84,83,54,6.6
275,Naze,JP,2022-06-05 17:14:31,28.3667,129.4833,76.15,88,100,19.6
276,Sinnamary,GF,2022-06-05 17:14:32,5.3833,-52.95,81.3,78,92,5.95
277,Keroka,KE,2022-06-05 17:14:32,-0.7758,34.9453,57.2,86,94,0.96
278,La Ronge,CA,2022-06-05 17:14:32,55.1001,-105.2842,48.63,53,7,9.19
279,Lagoa,PT,2022-06-05 17:14:33,39.05,-27.9833,63.79,85,100,14.85
280,Flinders,AU,2022-06-05 17:14:33,-34.5833,150.8552,60.26,77,3,1.99
281,Podgornoye,RU,2022-06-05 17:14:33,51.735,39.1496,68.22,42,0,6.71
282,Bilma,NE,2022-06-05 17:15:34,18.6853,12.9164,102.24,7,11,3.09
283,New Norfolk,AU,2022-06-05 17:15:34,-42.7826,147.0587,48.92,78,63,5.99
284,Never,FR,2022-06-05 17:15:34,46.9896,3.159,69.8,65,40,9.22
285,Mackay,AU,2022-06-05 17:15:35,-21.15,149.2,67.68,84,40,4.36
286,Coro,VE,2022-06-05 17:15:35,11.4045,-69.6734,90.3,56,6,16.58
287,Jawar,IN,2022-06-05 17:15:35,23.0,76.5,95.49,16,50,12.41
288,Raucesti,RO,2022-06-05 17:15:36,47.25,26.4167,67.39,80,92,9.93
289,Beidao,CN,2022-06-05 17:15:36,34.5686,105.8933,66.09,41,96,3.0
290,Plymouth,US,2022-06-05 17:14:21,41.8334,-70.8328,77.22,38,0,6.91
291,Half Moon Bay,US,2022-06-05 17:12:43,37.4636,-122.4286,73.26,90,100,10.36
292,Ulladulla,AU,2022-06-05 17:15:37,-35.35,150.4667,58.1,57,0,18.68
293,Kitimat,CA,2022-06-05 17:15:37,54.0524,-128.6534,57.9,28,100,4.12
294,Ocos,GT,2022-06-05 17:15:38,14.5094,-92.1933,78.98,73,100,6.71
295,Santa Fe,AR,2022-06-05 17:12:14,-31.6333,-60.7,65.01,71,90,1.99
296,Qaqortoq,GL,2022-06-05 17:15:38,60.7167,-46.0333,47.59,51,38,6.29
297,Quatre Cocos,MU,2022-06-05 17:15:38,-20.2078,57.7625,74.08,71,41,17.76
298,Mae Hong Son,TH,2022-06-05 17:15:39,19.3003,97.9685,75.27,94,100,2.48
299,Mandera,KE,2022-06-05 17:15:39,3.9366,41.867,85.08,47,100,14.56
300,Yinchuan,CN,2022-06-05 17:15:39,38.4681,106.2731,75.27,9,78,8.93
301,Namibe,AO,2022-06-05 17:15:39,-15.1961,12.1522,77.72,48,43,5.5
302,Madaoua,NE,2022-06-05 17:15:40,14.073,5.96,102.99,13,80,7.83
303,Bubaque,GW,2022-06-05 17:15:40,11.2833,-15.8333,80.42,79,99,11.74
304,Bud,US,2022-06-05 17:15:40,39.447,-86.1758,82.81,45,83,5.14
305,Nemuro,JP,2022-06-05 17:15:41,43.3236,145.575,43.2,90,61,11.88
306,Muravlenko,RU,2022-06-05 17:15:41,63.7898,74.523,40.19,44,87,6.71
307,Lavrentiya,RU,2022-06-05 17:15:41,65.5833,-171.0,36.45,81,83,1.03
308,Tamandare,BR,2022-06-05 17:15:42,-8.7597,-35.1047,81.0,68,61,12.1
309,Channel-Port Aux Basques,CA,2022-06-05 17:15:42,47.5702,-59.1367,48.94,73,88,14.88
310,Kruisfontein,ZA,2022-06-05 17:15:42,-34.0033,24.7314,56.88,77,4,11.36
311,Thibodaux,US,2022-06-05 17:15:43,29.7958,-90.8229,88.99,66,99,4.0
312,Ilorin,NG,2022-06-05 17:13:35,8.5,4.55,83.26,49,92,11.81
313,Padilla,CO,2022-06-05 17:15:43,3.2204,-76.3139,81.97,77,100,1.77
314,Havelock,US,2022-06-05 17:15:43,34.8791,-76.9013,84.15,51,45,15.99
315,Demba,CD,2022-06-05 17:15:44,-5.51,22.2667,75.9,45,5,2.68
316,Oakdale,US,2022-06-05 17:13:18,44.963,-92.9649,68.49,80,100,6.91
317,Ondangwa,NA,2022-06-05 17:15:44,-17.9167,15.95,67.51,25,49,9.89
318,Boende,CD,2022-06-05 17:15:44,-0.2167,20.8667,77.95,75,98,1.5
319,Gladstone,AU,2022-06-05 17:15:45,-23.85,151.25,64.78,82,75,6.91
320,Shigony,RU,2022-06-05 17:15:45,53.3875,48.6777,63.12,74,100,4.9
321,La Asuncion,VE,2022-06-05 17:15:45,11.0333,-63.8628,82.67,72,50,15.28
322,Portland,US,2022-06-05 17:14:06,45.5234,-122.6762,64.44,88,100,9.22
323,Moldava Nad Bodvou,SK,2022-06-05 17:15:46,48.6143,20.9996,75.38,46,0,9.22
324,Shagonar,RU,2022-06-05 17:15:46,51.5333,92.8,60.19,44,86,12.44
325,Necochea,AR,2022-06-05 17:15:46,-38.5473,-58.7368,54.95,55,100,5.97
326,Falkenberg,SE,2022-06-05 17:15:47,56.9055,12.4912,68.25,43,41,0.83
327,Rio Claro,BR,2022-06-05 17:16:47,-22.4114,-47.5614,76.55,50,45,4.59
328,Saint-Louis,SN,2022-06-05 17:16:47,16.3333,-15.0,107.58,13,39,8.84
329,Nikolsk,RU,2022-06-05 17:15:06,53.7189,46.0712,60.69,69,100,2.62
330,Hirara,JP,2022-06-05 17:16:48,24.8,125.2833,82.85,86,100,28.43
331,Redding,US,2022-06-05 17:12:03,40.5865,-122.3917,59.65,94,100,3.44
332,Yarada,IN,2022-06-05 17:16:48,17.65,83.2667,86.32,89,75,9.22
333,Adrar,MR,2022-06-05 17:16:48,20.5022,-10.0711,102.81,9,81,15.99
334,Mayo,US,2022-06-05 17:16:49,38.8876,-76.5119,79.36,45,0,9.22
335,Montepuez,MZ,2022-06-05 17:16:49,-13.1256,38.9997,71.53,56,98,9.22
336,Pulandian,CN,2022-06-05 17:16:49,39.3953,121.9669,63.3,95,79,13.65
337,Marjamaa,EE,2022-06-05 17:16:16,58.9039,24.4306,64.17,55,11,8.59
338,Mehran,IR,2022-06-05 17:16:50,33.1222,46.1646,103.08,10,49,13.89
339,Aksha,RU,2022-06-05 17:16:50,50.2814,113.2867,48.72,78,100,2.33
340,Ancud,CL,2022-06-05 17:16:50,-41.8697,-73.8203,47.73,72,100,12.82
341,Kikwit,CD,2022-06-05 17:16:51,-5.041,18.8162,79.03,44,1,2.48
342,San Quintin,MX,2022-06-05 17:16:51,30.4833,-115.95,66.94,70,16,17.45
343,Jiangkou,CN,2022-06-05 17:16:51,25.4872,119.1986,76.57,98,100,11.34
344,Thompson,CA,2022-06-05 17:16:51,55.7435,-97.8558,51.96,62,75,8.05
345,Victor Harbor,AU,2022-06-05 17:16:52,-35.5667,138.6167,50.0,76,19,16.93
346,Magistralnyy,RU,2022-06-05 17:16:52,56.1725,107.4458,52.27,96,95,1.97
347,Danshui,CN,2022-06-05 17:16:52,22.7984,114.4672,80.83,86,100,2.13
348,Bhainsa,IN,2022-06-05 17:16:53,26.9548,76.9012,98.01,11,3,12.44
349,Magdiwang,PH,2022-06-05 17:16:53,12.491,122.5135,82.83,76,100,4.83
350,Manakara,MG,2022-06-05 17:16:53,-22.1333,48.0167,68.18,89,61,1.61
351,Briancon,FR,2022-06-05 17:16:54,44.9,6.65,73.62,59,35,7.0
352,Yar-Sale,RU,2022-06-05 17:16:54,66.8333,70.8333,40.73,45,27,3.51
353,Craig,US,2022-06-05 17:16:54,40.5153,-107.5464,71.55,35,0,5.75
354,Sumbe,AO,2022-06-05 17:16:55,-11.2061,13.8437,75.0,72,41,8.84
355,Sao Joao Da Barra,BR,2022-06-05 17:16:55,-21.6403,-41.0511,75.29,54,71,10.45
356,Constitucion,CL,2022-06-05 17:16:55,-35.3333,-72.4167,58.01,75,97,12.71
357,Lucapa,AO,2022-06-05 17:16:55,-8.4192,20.7447,71.76,37,6,4.43
358,Maarianhamina,AX,2022-06-05 17:16:56,60.0973,19.9348,57.06,54,0,5.75
359,Batemans Bay,AU,2022-06-05 17:16:56,-35.7167,150.1833,56.1,62,0,20.11
360,Sanming,CN,2022-06-05 17:16:56,26.2486,117.6186,76.14,97,100,4.72
361,San Jeronimito,MX,2022-06-05 17:16:57,17.55,-101.3333,85.84,70,40,4.61
362,Muli,MV,2022-06-05 17:16:57,2.9167,73.5667,82.96,75,71,12.35
363,Wadi Musa,JO,2022-06-05 17:16:57,30.3222,35.4793,76.93,24,5,8.1
364,Feijo,BR,2022-06-05 17:16:58,-8.1642,-70.3536,88.74,54,50,1.54
365,Churapcha,RU,2022-06-05 17:16:58,62.0025,132.4325,58.41,70,29,3.31
366,Zaterechnyy,RU,2022-06-05 17:16:58,44.7931,45.2097,78.21,42,98,8.37
367,Bryan,US,2022-06-05 17:16:59,30.6744,-96.37,88.83,61,0,14.97
368,Haines Junction,CA,2022-06-05 17:17:00,60.7522,-137.5108,53.55,82,100,1.14
369,Bonavista,CA,2022-06-05 17:17:00,48.6499,-53.1147,42.96,87,100,16.82
370,Derzhavinsk,KZ,2022-06-05 17:17:00,51.1,66.3167,57.36,50,100,7.85
371,Yeppoon,AU,2022-06-05 17:17:01,-23.1333,150.7333,64.18,91,39,5.1
372,Broken Hill,AU,2022-06-05 17:17:01,-31.95,141.4333,45.3,72,6,19.55
373,Luanda,AO,2022-06-05 17:17:01,-8.8368,13.2343,74.39,77,85,11.95
374,Bambanglipuro,ID,2022-06-05 17:17:01,-7.95,110.2833,77.72,88,100,3.76
375,San Nicolas,PH,2022-06-05 17:18:02,18.1725,120.5953,80.6,82,87,5.46
376,Sitka,US,2022-06-05 17:18:02,57.0531,-135.33,55.29,71,75,4.61
377,Vestmanna,FO,2022-06-05 17:18:02,62.1564,-7.1664,49.12,93,100,8.05
378,Oktyabrskiy,RU,2022-06-05 17:18:03,54.4815,53.471,57.7,80,99,0.98
379,Great Malvern,GB,2022-06-05 17:18:03,52.1116,-2.3252,55.42,94,100,3.0
380,Anadyr,RU,2022-06-05 17:18:03,64.75,177.4833,46.9,65,0,11.18
381,Provideniya,RU,2022-06-05 17:18:04,64.3833,-173.3,40.42,81,34,0.31
382,Makakilo City,US,2022-06-05 17:18:04,21.3469,-158.0858,74.68,69,0,4.61
383,Izhevskoye,RU,2022-06-05 17:18:04,54.5567,40.8703,57.07,89,100,6.53
384,Dalvik,IS,2022-06-05 17:18:05,65.9702,-18.5286,58.93,50,98,19.55
385,San Luis,AR,2022-06-05 17:16:32,-33.295,-66.3356,61.9,37,0,1.32
386,Garissa,KE,2022-06-05 17:18:05,-0.4536,39.6401,78.55,65,79,19.53
387,Ciudad Bolivar,VE,2022-06-05 17:18:05,8.1222,-63.5497,83.68,66,93,7.83
388,Ust-Maya,RU,2022-06-05 17:18:06,60.4167,134.5333,58.44,67,14,3.49
389,Buin,CL,2022-06-05 17:18:06,-33.7333,-70.75,65.05,53,100,3.11
390,Wokingham,GB,2022-06-05 17:18:06,51.4112,-0.8357,60.03,74,75,4.61
391,Kalemie,CD,2022-06-05 17:18:07,-5.9475,29.1947,70.54,68,39,3.18
392,Chapais,CA,2022-06-05 17:17:44,49.7834,-74.8492,55.18,96,100,2.91
393,Road Town,VG,2022-06-05 17:18:07,18.4167,-64.6167,86.09,74,40,9.22
394,Virginia Beach,US,2022-06-05 17:15:38,36.8529,-75.978,84.24,45,20,11.5
395,Cascas,PE,2022-06-05 17:18:07,-7.4833,-78.8167,78.06,42,92,9.22
396,Qingdao,CN,2022-06-05 17:18:08,36.0986,120.3719,65.8,94,75,11.18
397,Ambilobe,MG,2022-06-05 17:18:08,-13.2,49.05,70.75,73,0,4.52
398,Milkovo,RU,2022-06-05 17:18:08,54.7167,158.6167,52.38,72,97,3.27
399,Antsohihy,MG,2022-06-05 17:18:09,-14.8796,47.9875,75.61,53,32,10.76
400,Malanje,AO,2022-06-05 17:18:09,-9.5402,16.341,67.39,41,70,3.62
401,Stornoway,GB,2022-06-05 17:18:09,58.2093,-6.3865,61.03,72,30,12.66
402,Viedma,AR,2022-06-05 17:18:10,-40.8135,-62.9967,60.26,46,80,14.32
403,Woodward,US,2022-06-05 17:18:10,36.4337,-99.3904,81.63,72,75,17.27
404,Narsaq,GL,2022-06-05 17:18:10,60.9167,-46.05,68.22,40,34,7.4
405,Hambantota,LK,2022-06-05 17:18:11,6.1241,81.1185,79.14,85,91,16.51
406,San Patricio,US,2022-06-05 17:18:11,28.017,-97.5169,92.16,38,2,11.14
407,Mangrol,IN,2022-06-05 17:18:11,21.1167,70.1167,82.35,84,27,10.87
408,Aquiraz,BR,2022-06-05 17:18:11,-3.9014,-38.3911,81.18,88,84,8.7
409,Rio Grande,BR,2022-06-05 17:18:12,-32.035,-52.0986,64.51,94,96,6.49
410,Esperance,AU,2022-06-05 17:18:12,-33.8667,121.9,54.9,71,100,9.24
411,Norman Wells,CA,2022-06-05 17:18:12,65.282,-126.8329,44.64,65,75,5.75
412,Ayan,RU,2022-06-05 17:18:13,56.45,138.1667,50.22,71,15,5.7
413,Luganville,VU,2022-06-05 17:18:13,-15.5333,167.1667,79.34,81,61,10.76
414,Mitzic,GA,2022-06-05 17:18:13,0.7821,11.549,72.21,95,99,1.03
415,College,US,2022-06-05 17:18:13,64.8569,-147.8028,63.21,31,20,12.66
416,Santa Vitoria Do Palmar,BR,2022-06-05 17:18:14,-33.5189,-53.3681,64.27,75,96,3.8
417,Port Lincoln,AU,2022-06-05 17:18:14,-34.7333,135.8667,54.75,54,100,16.13
418,Omsukchan,RU,2022-06-05 17:18:14,62.5333,155.8,48.9,64,100,3.83
419,Chilca,PE,2022-06-05 17:18:15,-12.5211,-76.7372,65.86,81,100,12.24
420,Beaverlodge,CA,2022-06-05 17:18:15,55.2166,-119.4361,58.35,86,100,11.43
421,Sobolevo,RU,2022-06-05 17:19:15,54.4299,31.8996,59.0,80,71,6.78
422,Chongwe,ZM,2022-06-05 17:19:16,-15.3292,28.682,57.81,56,11,4.25
423,Tripoli,LY,2022-06-05 17:19:06,32.8752,13.1875,83.71,44,0,9.19
424,Kochubey,RU,2022-06-05 17:19:16,44.3861,46.5825,73.92,48,90,7.58
425,Krasnoselkup,RU,2022-06-05 17:19:16,65.7,82.4667,37.98,54,74,11.59
426,Hami,CN,2022-06-05 17:19:17,42.8,93.45,73.92,20,2,10.0
427,Kutum,SD,2022-06-05 17:19:17,14.2,24.6667,89.85,11,36,13.71
428,Jaisalmer,IN,2022-06-05 17:19:17,26.9147,70.9181,94.6,25,2,25.64
429,Kieta,PG,2022-06-05 17:19:18,-6.2167,155.6333,78.39,84,94,4.65
430,Katherine,AU,2022-06-05 17:19:18,-14.4667,132.2667,79.12,50,97,6.91
431,Praia Da Vitoria,PT,2022-06-05 17:19:19,38.7333,-27.0667,68.25,77,20,6.35
432,Colesberg,ZA,2022-06-05 17:19:19,-30.72,25.0972,53.6,32,0,3.22
433,Carahue,CL,2022-06-05 17:19:19,-38.7,-73.1667,51.53,98,100,1.9
434,Pontal Do Parana,BR,2022-06-05 17:19:20,-25.6533,-48.5128,71.98,77,76,4.65
435,Kismayo,SO,2022-06-05 17:19:20,-0.3582,42.5454,78.98,77,95,15.37
436,Alice Springs,AU,2022-06-05 17:19:20,-23.7,133.8833,45.95,87,40,4.61
437,Acajutla,SV,2022-06-05 17:19:21,13.5928,-89.8275,83.61,73,95,11.43
438,Kizukuri,JP,2022-06-05 17:19:21,40.8061,140.3861,53.94,76,100,8.32
439,Grand Gaube,MU,2022-06-05 17:19:21,-20.0064,57.6608,74.37,69,28,5.99
440,Mehamn,NO,2022-06-05 17:19:22,71.0357,27.8492,46.31,75,89,10.11
441,Olinda,BR,2022-06-05 17:19:22,-8.0089,-34.8553,82.13,69,40,16.11
442,Pisco,PE,2022-06-05 17:19:22,-13.7,-76.2167,69.85,68,0,19.57
443,Port Hedland,AU,2022-06-05 17:19:23,-20.3167,118.5667,66.25,63,2,6.91
444,Nago,JP,2022-06-05 17:19:23,26.5881,127.9761,81.45,90,100,19.53
445,Santo Angelo,BR,2022-06-05 17:16:05,-28.2992,-54.2631,66.52,82,100,5.75
446,Faya,SA,2022-06-05 17:19:23,18.3851,42.4509,78.91,25,31,0.6
447,Ak-Dovurak,RU,2022-06-05 17:19:24,51.1833,90.6,55.51,70,100,1.48
448,Henties Bay,NA,2022-06-05 17:19:24,-22.116,14.2845,68.04,51,86,7.56
449,Berlevag,NO,2022-06-05 17:19:25,70.8578,29.0864,46.35,76,100,4.61
450,Atar,MR,2022-06-05 17:19:25,20.5169,-13.0499,104.41,10,100,17.47
451,Wanning,CN,2022-06-05 17:19:25,18.8003,110.3967,81.43,86,98,11.01
452,Nador,MA,2022-06-05 17:19:26,35.174,-2.9287,78.87,60,0,4.61
453,Whitehorse,CA,2022-06-05 17:15:08,60.7161,-135.0538,54.37,78,75,2.3
454,Salalah,OM,2022-06-05 17:19:26,17.0151,54.0924,86.09,79,75,8.05
455,Acarau,BR,2022-06-05 17:19:27,-2.8856,-40.12,81.52,78,44,11.41
456,Thunder Bay,CA,2022-06-05 17:19:27,48.4001,-89.3168,60.78,51,75,11.5
457,Aklavik,CA,2022-06-05 17:19:27,68.2191,-135.0107,26.6,86,100,9.22
458,Saint-Leu,RE,2022-06-05 17:19:27,-21.15,55.2833,72.32,73,17,1.86
459,Lorengau,PG,2022-06-05 17:19:28,-2.0226,147.2712,80.01,73,4,5.23
460,Chateauroux,FR,2022-06-05 17:19:28,46.8167,1.7,68.0,60,100,13.8
461,Kailua,US,2022-06-05 17:15:36,21.4022,-157.7394,76.06,75,20,5.75
462,Pacifica,US,2022-06-05 17:19:28,37.6138,-122.4869,72.07,94,100,8.01
463,Kununurra,AU,2022-06-05 17:19:29,-15.7667,128.7333,76.98,78,40,4.61
464,Labuhan,ID,2022-06-05 17:19:29,-6.8844,112.2051,78.96,87,100,4.43
465,Port Macquarie,AU,2022-06-05 17:19:29,-31.4333,152.9167,43.9,72,38,6.26
466,Sokoni,TZ,2022-06-05 17:20:30,-6.4333,39.55,78.78,75,100,19.3
467,Aloleng,PH,2022-06-05 17:20:30,16.1307,119.7824,82.74,76,100,7.83
468,Viesca,MX,2022-06-05 17:20:31,25.35,-102.8,89.42,23,0,1.59
469,Zhanakorgan,KZ,2022-06-05 17:20:31,43.9098,67.2495,82.08,17,1,5.7
470,Saposoa,PE,2022-06-05 17:20:31,-6.934,-76.7716,85.6,56,80,3.96
471,Kimbe,PG,2022-06-05 17:20:32,-5.5502,150.1429,74.12,91,83,3.24
472,Sembe,CG,2022-06-05 17:20:32,1.6481,14.5806,73.62,93,59,1.12
473,Hofn,IS,2022-06-05 17:20:32,64.2539,-15.2082,52.03,76,26,19.01
474,Nosy Varika,MG,2022-06-05 17:20:33,-20.5833,48.5333,69.62,87,35,2.44
475,Casablanca,MA,2022-06-05 17:19:55,33.5928,-7.6192,77.22,68,40,13.8
476,Fujimi,JP,2022-06-05 17:20:34,35.8578,139.5577,67.01,94,100,10.85
477,Bhera,PK,2022-06-05 17:20:34,32.4832,72.9097,97.3,8,0,3.29
478,Iskateley,RU,2022-06-05 17:20:35,67.6803,53.1512,60.67,34,36,12.28
479,Bay City,US,2022-06-05 17:17:38,43.5945,-83.8889,64.51,75,100,3.44
480,Ponnani,IN,2022-06-05 17:20:35,10.767,75.9252,79.92,86,100,4.09
481,Biltine,TD,2022-06-05 17:20:36,14.5333,20.9167,98.67,17,82,9.78
482,Straumen,NO,2022-06-05 17:20:36,63.8709,11.2999,51.8,57,57,9.69
483,Morondava,MG,2022-06-05 17:20:36,-20.2833,44.2833,76.23,77,1,16.17
484,Myitkyina,MM,2022-06-05 17:20:37,25.3833,97.4,74.03,98,45,1.92
485,Fangshan,CN,2022-06-05 17:20:37,39.6983,115.9925,73.85,33,6,10.65
486,Maracaju,BR,2022-06-05 17:20:37,-21.6144,-55.1683,89.02,33,58,10.31
487,Imeni Zhelyabova,RU,2022-06-05 17:20:38,58.9544,36.5956,57.79,77,61,4.29
488,Clyde River,CA,2022-06-05 17:20:38,70.4692,-68.5914,32.23,93,0,8.05
489,Bairiki,KI,2022-06-05 17:20:38,1.3292,172.9752,80.6,74,20,9.22
490,Batagay-Alyta,RU,2022-06-05 17:20:39,67.8006,130.4114,52.25,65,37,4.18
491,Todos Santos,MX,2022-06-05 17:20:39,23.45,-110.2167,74.77,62,0,8.28
492,Moundou,TD,2022-06-05 17:20:39,8.5667,16.0833,84.9,49,45,2.73
493,Twentynine Palms,US,2022-06-05 17:20:39,34.1356,-116.0542,91.06,24,59,3.0
494,Long Beach,US,2022-06-05 17:20:40,33.767,-118.1892,75.45,75,100,5.99
495,Andrews,US,2022-06-05 17:20:40,32.3187,-102.5457,95.72,15,0,10.36
496,Coihaique,CL,2022-06-05 17:20:40,-45.5752,-72.0662,46.35,53,100,4.61
497,Bintulu,MY,2022-06-05 17:20:41,3.1667,113.0333,77.41,94,20,0.0
498,Padang,ID,2022-06-05 17:20:41,-0.9492,100.3543,77.05,86,100,5.32
499,Karla,EE,2022-06-05 17:20:41,59.3723,24.9275,64.15,55,0,16.11
500,Festus,US,2022-06-05 17:20:18,38.2206,-90.396,85.71,43,25,6.87
501,North Vanlaiphai,IN,2022-06-05 17:20:42,23.1333,93.0667,61.36,99,31,1.3
502,Zapotiltic,MX,2022-06-05 17:20:05,19.6167,-103.4333,71.64,53,92,3.51
503,Iqaluit,CA,2022-06-05 17:20:42,63.7506,-68.5145,51.53,50,20,8.05
504,Viru,PE,2022-06-05 17:20:42,-8.4167,-78.75,78.8,52,95,10.69
505,Gerash,IR,2022-06-05 17:20:43,27.6652,54.1371,89.74,9,5,3.94
506,Beloha,MG,2022-06-05 17:20:43,-25.1667,45.05,68.2,78,99,4.72
507,Santa Maria Da Vitoria,BR,2022-06-05 17:20:43,-13.3947,-44.1886,86.97,34,23,9.26
508,Banjar,ID,2022-06-05 17:20:44,-8.19,114.9675,77.31,88,99,2.3
509,Ngunguru,NZ,2022-06-05 17:21:44,-35.6167,174.5,59.54,90,100,11.92
510,Saravan,AM,2022-06-05 17:21:44,39.7196,45.6483,64.04,42,5,5.03
511,Inuvik,CA,2022-06-05 17:21:45,68.3499,-133.7218,27.36,86,100,8.05
512,Bereda,ES,2022-06-05 17:21:45,43.2686,-7.5406,72.41,46,100,5.3
513,Safita,SY,2022-06-05 17:21:45,34.8205,36.1153,68.92,69,0,5.91
514,Muzhi,RU,2022-06-05 17:21:46,65.3667,64.6667,46.56,40,35,5.86
515,The Valley,AI,2022-06-05 17:21:46,18.217,-63.0578,87.66,70,20,17.27
516,Juneau,US,2022-06-05 17:21:46,58.3019,-134.4197,56.84,84,75,5.75
517,Arlit,NE,2022-06-05 17:21:46,18.7369,7.3853,105.24,5,14,3.29
518,Kloulklubed,PW,2022-06-05 17:21:47,7.0419,134.2556,75.7,76,96,1.39
519,Angoche,MZ,2022-06-05 17:21:47,-16.2325,39.9086,72.57,79,3,12.44
520,Saint Anthony,US,2022-06-05 17:21:47,45.0205,-93.218,69.66,73,40,9.22
521,Pacific Grove,US,2022-06-05 17:21:48,36.6177,-121.9166,67.42,92,95,11.99
522,Markova,UA,2022-06-05 17:21:48,48.6758,24.4138,57.47,94,88,5.55
523,Mount Isa,AU,2022-06-05 17:21:48,-20.7333,139.5,65.97,77,100,6.91
524,Kenai,US,2022-06-05 17:21:49,60.5544,-151.2583,67.03,58,75,5.75
525,Porto-Vecchio,FR,2022-06-05 17:21:49,41.591,9.2795,80.26,50,0,14.97
526,Zakamensk,RU,2022-06-05 17:21:49,50.3741,103.2863,50.95,65,96,3.51
527,Lagunas,PE,2022-06-05 17:21:49,-5.2269,-75.6753,83.61,75,93,2.21
528,Piacabucu,BR,2022-06-05 17:21:50,-10.4056,-36.4344,77.68,82,20,13.09
529,Qazanbulaq,AZ,2022-06-05 17:21:50,40.6192,46.6519,86.9,37,2,8.23
530,General Pico,AR,2022-06-05 17:21:50,-35.6566,-63.7568,63.09,40,0,1.23
531,Avera,US,2022-06-05 17:21:51,33.194,-82.5271,85.55,35,33,10.25
532,Kalush,UA,2022-06-05 17:21:51,49.0119,24.3731,59.92,92,99,5.91
533,Pasinler,TR,2022-06-05 17:21:51,39.9803,41.6764,67.19,42,1,1.1
534,Ronne,DK,2022-06-05 17:21:52,55.1009,14.7066,67.91,42,47,9.22
535,Mimongo,GA,2022-06-05 17:17:22,-1.6195,11.6068,71.85,93,93,2.1
536,Colonia,DE,2022-06-05 17:20:58,50.9333,6.95,68.58,79,75,16.11
537,Tokur,RU,2022-06-05 17:21:52,53.1333,132.9,42.98,71,10,3.02
538,Sangmelima,CM,2022-06-05 17:21:52,2.9333,11.9833,71.31,93,81,1.92
539,Rognan,NO,2022-06-05 17:21:53,67.0953,15.3878,44.89,87,100,10.54
540,Viransehir,TR,2022-06-05 17:21:53,37.2353,39.7631,83.14,12,0,8.84
541,Shubarkuduk,KZ,2022-06-05 17:21:53,49.1447,56.4872,66.85,64,66,15.12
542,Agirish,RU,2022-06-05 17:21:54,61.9247,63.0231,45.79,42,64,5.41
543,Cowra,AU,2022-06-05 17:21:54,-33.8333,148.6833,43.95,92,97,25.72
544,Ambon,ID,2022-06-05 17:21:54,-3.6954,128.1814,81.16,74,99,2.42
545,Saint George,US,2022-06-05 17:21:02,37.1041,-113.5841,88.25,19,0,4.0
546,Anqing,CN,2022-06-05 17:21:55,30.5092,117.0506,71.28,93,61,1.97
547,Arinos,BR,2022-06-05 17:21:55,-15.9169,-46.1056,85.93,32,8,7.25
548,Spencer,US,2022-06-05 17:21:14,43.1414,-95.1444,71.74,76,100,5.75
549,Carballo,ES,2022-06-05 17:21:55,43.213,-8.691,68.9,67,97,6.71
550,Tianpeng,CN,2022-06-05 17:21:56,30.9866,103.9393,72.07,74,100,3.2
551,Rocha,UY,2022-06-05 17:21:56,-34.4833,-54.3333,63.75,72,100,3.91
552,Torez,UA,2022-06-05 17:21:56,48.0388,38.5969,64.49,88,92,7.4
553,Trinidad,BO,2022-06-05 17:21:57,-14.8333,-64.9,85.98,58,75,9.22
554,Port Hardy,CA,2022-06-05 17:22:57,50.6996,-127.4199,57.38,94,100,4.61
555,Toguchin,RU,2022-06-05 17:22:57,55.2353,84.3858,45.97,72,100,8.46
556,Yerbogachen,RU,2022-06-05 17:22:58,61.2767,108.0108,45.99,91,100,13.06
557,Santo Antonio Do Sudoeste,BR,2022-06-05 17:22:58,-26.0736,-53.7253,70.59,71,83,6.35
558,Shu,KZ,2022-06-05 17:22:58,43.5983,73.7614,69.87,27,7,8.05
559,Safaga,EG,2022-06-05 17:22:58,26.7292,33.9365,90.88,30,100,6.62
560,Huatusco,MX,2022-06-05 17:22:59,19.15,-96.95,80.04,49,92,5.95
561,Mahabad,IR,2022-06-05 17:19:55,36.7631,45.7222,72.37,35,81,10.94
562,Dom Pedrito,BR,2022-06-05 17:22:59,-30.9828,-54.6731,60.8,97,100,2.42
563,Yumen,CN,2022-06-05 17:22:59,40.2833,97.2,70.66,17,95,11.77
564,Les Cayes,HT,2022-06-05 17:23:00,18.2,-73.75,82.67,79,84,17.02
565,Sorong,ID,2022-06-05 17:23:00,-0.8833,131.25,78.22,79,58,4.29
566,Tiarei,PF,2022-06-05 17:23:00,-17.5333,-149.3333,75.22,78,85,17.78
567,Pontes E Lacerda,BR,2022-06-05 17:23:00,-15.2261,-59.3353,92.62,27,51,5.35
568,Tapes,BR,2022-06-05 17:23:01,-30.6733,-51.3958,63.75,88,100,5.39
569,Impfondo,CG,2022-06-05 17:23:01,1.6381,18.0667,78.57,72,83,1.3
570,Zharkent,KZ,2022-06-05 17:23:01,44.1628,80.0,68.7,39,1,2.91
571,Caravelas,BR,2022-06-05 17:18:15,-17.7125,-39.2481,75.15,57,99,11.72
572,Champerico,GT,2022-06-05 17:23:02,14.3,-91.9167,88.34,72,100,5.57
573,Priiskovyy,RU,2022-06-05 17:23:02,51.9333,116.6333,53.83,51,94,2.59
574,Scottsbluff,US,2022-06-05 17:23:02,41.8666,-103.6672,78.78,51,0,4.0
575,Tshela,CD,2022-06-05 17:23:03,-4.9833,12.9333,78.91,66,74,1.19
576,Escanaba,US,2022-06-05 17:23:03,45.7453,-87.0646,65.97,78,0,5.99
577,Laurinburg,US,2022-06-05 17:23:03,34.7741,-79.4628,87.94,20,0,13.8
578,Robertsport,LR,2022-06-05 17:20:21,6.7533,-11.3686,81.81,75,64,8.88
579,Mazagao,BR,2022-06-05 17:23:04,-0.115,-51.2894,82.09,74,93,3.83
580,Maun,BW,2022-06-05 17:23:04,-19.9833,23.4167,66.16,39,0,5.75
581,Cairns,AU,2022-06-05 17:19:19,-16.9167,145.7667,75.15,89,90,9.22
582,Novyy Urengoy,RU,2022-06-05 17:23:04,66.0833,76.6333,41.49,42,39,9.37
583,Muros,ES,2022-06-05 17:23:05,42.7762,-9.0603,70.16,68,99,8.08
584,Bathsheba,BB,2022-06-05 17:23:05,13.2167,-59.5167,88.41,66,75,24.16
585,Trairi,BR,2022-06-05 17:18:08,-3.2778,-39.2689,80.8,81,30,9.82
